2025-05-09,차량용목쿠션,11,아임반 SP누빔 2세대 차량용 헤드레스트 목쿠션
2025-05-09,차량용목쿠션,18,아임반 차량용 1열 목쿠션 헤드레스트 LITE 자동차 목베개 1개
2025-05-09,차량용목쿠션,27,아임반 에디션 아임반 차량용 헤드레스트 목쿠션
2025-05-09,차량용목쿠션,64,아임반 네오 헤드레스트 차량용 목쿠션 자동차 목베개 1P 1개 웜그레이
2025-05-09,차량용목쿠션,70,아임반 SP누빔 2세대 헤드레스트 차량용 목쿠션 자동차 목베개
2025-05-09,차량용목쿠션,74,아임반 L6누빔 2세대 차량용 헤드레스트 목쿠션
2025-05-09,차량용목쿠션,76,아임반 차량용 1열 목쿠션 헤드레스트 LITE 자동차 목베개
2025-05-09,차량용목쿠션,79,아임반 2열 차량용 목쿠션 L라인
2025-05-09,차량용목쿠션,81,아임반 SP누빔2세대 차량용 헤드레스트 목쿠션
2025-05-09,차량용목쿠션,104,아임반 네오(NEO) 헤드레스트 차량용 목쿠션 일체형 자동차 목베개
2025-05-09,차량용목쿠션,105,아임반 GV80 차량용 2열 목쿠션 자동차 헤드레스트 목베개 쿠션 L라인
2025-05-09,차량용목쿠션,109,아임반 L6누빔 2세대 헤드레스트 차량용 목쿠션 자동차 목베개
2025-05-09,헤드레스트,14,아임반 SP누빔 2세대 차량용 헤드레스트 목쿠션
2025-05-09,헤드레스트,20,아임반 차량용 1열 목쿠션 헤드레스트 LITE 자동차 목베개 1개
2025-05-09,헤드레스트,27,아임반 에디션 아임반 차량용 헤드레스트 목쿠션
2025-05-09,헤드레스트,30,아임반 네오 헤드레스트 차량용 목쿠션 자동차 목베개 1P 1개 웜그레이
2025-05-09,헤드레스트,39,아임반 L6누빔 2세대 차량용 헤드레스트 목쿠션
2025-05-09,헤드레스트,64,아임반 GV80 차량용 2열 목쿠션 자동차 헤드레스트 목베개 쿠션 L라인
2025-05-09,헤드레스트,67,아임반 SP누빔 2세대 헤드레스트 차량용 목쿠션 자동차 목베개
2025-05-09,헤드레스트,72,아임반 차량용 1열 목쿠션 헤드레스트 LITE 자동차 목베개
2025-05-09,헤드레스트,73,아임반 SP누빔2세대 차량용 헤드레스트 목쿠션
2025-05-09,헤드레스트,82,S 아임반 차량용 헤드레스트 목쿠션
2025-05-09,헤드레스트,83,아임반 SP 헤드레스트 + 일체형 목쿠션
2025-05-09,헤드레스트,85,아임반 L6누빔 2세대 헤드레스트 차량용 목쿠션 자동차 목베개
2025-05-09,헤드레스트,93,아임반 네오(NEO) 헤드레스트 차량용 목쿠션 일체형 자동차 목베개
2025-05-09,헤드레스트,103,아임반 GV70 차량용 2열 목쿠션 자동차 헤드레스트 목베개 쿠션 H라인
2025-05-09,자동차목쿠션,15,아임반 SP누빔 2세대 차량용 헤드레스트 목쿠션
2025-05-09,자동차목쿠션,25,아임반 차량용 1열 목쿠션 헤드레스트 LITE 자동차 목베개 1개
2025-05-09,자동차목쿠션,34,아임반 에디션 아임반 차량용 헤드레스트 목쿠션
2025-05-09,자동차목쿠션,62,아임반 네오 헤드레스트 차량용 목쿠션 자동차 목베개 1P 1개 웜그레이
2025-05-09,자동차목쿠션,70,아임반 SP누빔 2세대 헤드레스트 차량용 목쿠션 자동차 목베개
2025-05-09,자동차목쿠션,74,아임반 L6누빔 2세대 차량용 헤드레스트 목쿠션
2025-05-09,자동차목쿠션,88,아임반 2열 차량용 목쿠션 L라인
2025-05-09,자동차목쿠션,100,아임반 GV80 차량용 2열 목쿠션 자동차 헤드레스트 목베개 쿠션 L라인
2025-05-09,자동차목쿠션,103,아임반 차량용 1열 목쿠션 헤드레스트 LITE 자동차 목베개
2025-05-09,자동차목쿠션,111,아임반 SP누빔2세대 차량용 헤드레스트 목쿠션
2025-05-09,차량목쿠션,14,아임반 SP누빔 2세대 차량용 헤드레스트 목쿠션
2025-05-09,차량목쿠션,24,아임반 차량용 1열 목쿠션 헤드레스트 LITE 자동차 목베개 1개
2025-05-09,차량목쿠션,28,아임반 에디션 아임반 차량용 헤드레스트 목쿠션
2025-05-09,차량목쿠션,60,아임반 네오 헤드레스트 차량용 목쿠션 자동차 목베개 1P 1개 웜그레이
2025-05-09,차량목쿠션,70,아임반 SP누빔 2세대 헤드레스트 차량용 목쿠션 자동차 목베개
2025-05-09,차량목쿠션,73,아임반 L6누빔 2세대 차량용 헤드레스트 목쿠션
2025-05-09,차량목쿠션,79,아임반 차량용 1열 목쿠션 헤드레스트 LITE 자동차 목베개
2025-05-09,차량목쿠션,81,아임반 2열 차량용 목쿠션 L라인
2025-05-09,차량목쿠션,87,아임반 SP누빔2세대 차량용 헤드레스트 목쿠션
2025-05-09,차량목쿠션,104,아임반 GV80 차량용 2열 목쿠션 자동차 헤드레스트 목베개 쿠션 L라인
2025-05-09,차량목쿠션,116,아임반 네오(NEO) 헤드레스트 차량용 목쿠션 일체형 자동차 목베개
2025-05-09,차량목쿠션,117,아임반 L6누빔 2세대 헤드레스트 차량용 목쿠션 자동차 목베개
2025-05-09,차량용목베개,25,아임반 차량용 1열 목쿠션 헤드레스트 LITE 자동차 목베개 1개
2025-05-09,차량용목베개,34,아임반 네오 헤드레스트 차량용 목쿠션 자동차 목베개 1P 1개 웜그레이
2025-05-09,차량용목베개,71,아임반 SP누빔 2세대 헤드레스트 차량용 목쿠션 자동차 목베개
2025-05-09,자동차목베개,17,아임반 차량용 1열 목쿠션 헤드레스트 LITE 자동차 목베개 1개
2025-05-09,자동차목베개,21,아임반 네오 헤드레스트 차량용 목쿠션 자동차 목베개 1P 1개 웜그레이
2025-05-09,자동차목베개,57,아임반 GV80 차량용 2열 목쿠션 자동차 헤드레스트 목베개 쿠션 L라인
2025-05-09,자동차목베개,63,아임반 SP누빔 2세대 헤드레스트 차량용 목쿠션 자동차 목베개
2025-05-09,자동차목베개,70,아임반 차량용 1열 목쿠션 헤드레스트 LITE 자동차 목베개
2025-05-09,자동차목베개,72,아임반 L6누빔 2세대 헤드레스트 차량용 목쿠션 자동차 목베개
2025-05-09,자동차목베개,73,아임반 네오(NEO) 헤드레스트 차량용 목쿠션 일체형 자동차 목베개
2025-05-09,자동차목베개,79,아임반 GV70 차량용 2열 목쿠션 자동차 헤드레스트 목베개 쿠션 H라인
2025-05-09,자동차목베개,85,아임반 싼타페MX5 L6누빔 2세대 헤드레스트 차량용 목쿠션 자동차 목베개
2025-05-09,목쿠션,10,아임반 SP누빔 2세대 차량용 헤드레스트 목쿠션
2025-05-09,목쿠션,12,아임반 차량용 1열 목쿠션 헤드레스트 LITE 자동차 목베개 1개
2025-05-09,목쿠션,31,아임반 에디션 아임반 차량용 헤드레스트 목쿠션
2025-05-09,목쿠션,58,아임반 네오 헤드레스트 차량용 목쿠션 자동차 목베개 1P 1개 웜그레이
2025-05-09,목쿠션,62,아임반 GV80 차량용 2열 목쿠션 자동차 헤드레스트 목베개 쿠션 L라인
2025-05-09,목쿠션,66,아임반 L6누빔 2세대 차량용 헤드레스트 목쿠션
2025-05-09,목쿠션,67,아임반 2열 차량용 목쿠션 L라인
2025-05-09,목쿠션,73,아임반 SP누빔2세대 차량용 헤드레스트 목쿠션
2025-05-09,목쿠션,85,아임반 SP 헤드레스트 + 일체형 목쿠션
2025-05-09,목쿠션,113,아임반 GV70 차량용 2열 목쿠션 자동차 헤드레스트 목베개 쿠션 H라인
2025-05-09,목쿠션,116,아임반 SP누빔 2세대 헤드레스트 차량용 목쿠션 자동차 목베개
2025-05-09,코일매트,96,아임반 자동차 코일매트 확장형 카매트 차량용 트렁크매트
2025-05-09,휴대폰거치대,49,아임반 사운드픽셀 차량용 qi2 맥세이프 무선 충전기 거치대
2025-05-09,차량용휴대폰충전기,39,아임반 차량용 충전기 초고속 110W 매립형 듀얼 시거잭
2025-05-09,자동차코일매트,85,아임반 자동차 코일매트 확장형 카매트 차량용 트렁크매트
2025-05-09,핸드폰거치대,56,아임반 사운드픽셀 차량용 qi2 맥세이프 무선 충전기 거치대
2025-05-09,맥세이프거치대,10,아임반 사운드픽셀 차량용 qi2 맥세이프 무선 충전기 거치대
2025-05-09,맥세이프거치대,64,아임반 사운드픽셀 차량용 핸드폰 거치대 맥세이프 고속 QI2 무선 휴대폰 충전기
2025-05-09,맥세이프거치대,84,아임반 사운드픽셀 차량용 qi2 맥세이프 무선 충전기 거치대
2025-05-09,차량용핸드폰거치대,30,아임반 사운드픽셀 차량용 qi2 맥세이프 무선 충전기 거치대
2025-05-09,차량용거치대,18,아임반 사운드픽셀 차량용 qi2 맥세이프 무선 충전기 거치대
2025-05-09,차량용거치대,115,아임반 사운드픽셀 차량용 핸드폰 거치대 맥세이프 고속 QI2 무선 휴대폰 충전기
2025-05-09,핸들커버,27,아임반 차량용 투톤 핸들커버
2025-05-09,핸들커버,48,아임반 차량용 타공 핸들커버
2025-05-09,핸들커버,64,아임반 자동차 웨이빙 핸들커버 2세대 차량용 핸들커버
2025-05-09,핸들커버,72,아임반 차량용 자동차 투톤 핸들커버 국내 제조
2025-05-09,자동차핸들커버,31,아임반 차량용 투톤 핸들커버
2025-05-09,자동차핸들커버,56,아임반 차량용 타공 핸들커버
2025-05-09,자동차핸들커버,72,아임반 차량용 자동차 투톤 핸들커버 국내 제조
2025-05-09,자동차핸들커버,75,아임반 자동차 웨이빙 핸들커버 2세대 차량용 핸들커버
2025-05-09,자동차방석,12,아임반 프리시트 2세대 차량용 방석
2025-05-09,자동차방석,16,"아임반 테슬라 모델3, 모델Y 전용 자동차 방석 1세트"
2025-05-09,자동차방석,18,아임반 디올뉴 팰리세이드 프리시트 방석 차량용 자동차 방석 2세대
2025-05-09,자동차방석,26,제네시스 GV70 아임반 비-슬림 자동차 방석 차량용 시트교체 커버
2025-05-09,자동차방석,43,아임반 비-슬림 방석 포르쉐 911(992) 전용 자동차 방석 2개 세트
2025-05-09,자동차방석,69,아임반 프리시트 방석 차량용 자동차 방석 2세대
2025-05-09,차량용방석,7,아임반 프리시트 2세대 차량용 방석
2025-05-09,차량용방석,18,"아임반 테슬라 모델3, 모델Y 전용 자동차 방석 1세트"
2025-05-09,차량용방석,21,아임반 디올뉴 팰리세이드 프리시트 방석 차량용 자동차 방석 2세대
2025-05-09,차량용방석,32,제네시스 GV70 아임반 비-슬림 자동차 방석 차량용 시트교체 커버
2025-05-09,차량용방석,44,아임반 차량용 자동차 비-슬림 방석
2025-05-09,차량용방석,58,아임반 프리시트 방석 차량용 자동차 방석 2세대
2025-05-09,차량용방석,83,아임반 비-슬림 방석 포르쉐 911(992) 전용 자동차 방석 2개 세트
2025-05-09,차량용방석,113,아임반 캐스퍼 전용 차량용 자동차 방석 1세트
2025-05-09,자동차허리쿠션,4,아임반 차량용 등받이 허리쿠션 3세대
2025-05-09,자동차허리쿠션,21,아임반 자동차 리본 허리쿠션 3세대 차량용 등받이 시트 등쿠션
2025-05-09,자동차허리쿠션,22,제네시스 GV80 아임반 자동차 리본 허리쿠션 3세대
2025-05-09,자동차허리쿠션,33,제네시스 GV70 전용 아임반 자동차 리본 허리쿠션 3세대
2025-05-09,자동차허리쿠션,67,아임반 자동차 리본 허리쿠션 3세대 차량용 등받이 시트 요추 등쿠션
2025-05-09,자동차시트커버,17,아임반 비-슬림 자동차 시트커버 차량용 1.2cm 얇은 통풍/열선 시트 보호 방석
2025-05-09,자동차시트커버,47,"아임반 GV70 페이스리프트 차량용 킥매트 시트백커버 운전석+조수석, 1개"
2025-05-09,자동차시트커버,57,"아임반 쏘렌토 MQ4 페이스리프트 차량용 킥매트 시트백커버 운전석+조수석, 1개"
2025-05-09,자동차시트커버,69,"아임반 GV80 차량용 킥매트 시트백커버 운전석+조수석, 1개"
2025-05-09,자동차시트커버,92,"아임반 G80, GV80 전용 차량용 시트백커버 킥매트 자동차 시트커버 보호 1세트"
2025-05-09,자동차시트커버,104,아임반 GV70 페이스리프트 차량용 시트백커버 킥매트 자동차 시트커버 보호 1세트
2025-05-09,자동차시트,18,아임반 비-슬림 자동차 시트커버 차량용 1.2cm 얇은 통풍/열선 시트 보호 방석
2025-05-09,자동차시트,73,"아임반 G80, GV80 전용 차량용 시트백커버 킥매트 자동차 시트커버 보호 1세트"
2025-05-09,자동차시트,75,아임반 GV70 페이스리프트 차량용 시트백커버 킥매트 자동차 시트커버 보호 1세트
2025-05-09,자동차시트,90,"아임반 GV80 차량용 킥매트 시트백커버 운전석+조수석, 1개"
2025-05-09,자동차시트,91,"아임반 GV70 페이스리프트 차량용 킥매트 시트백커버 운전석+조수석, 1개"
2025-05-09,자동차시트,109,"아임반 쏘렌토 MQ4 페이스리프트 차량용 킥매트 시트백커버 운전석+조수석, 1개"
